Model,Loss,Epoch
1,49.11679569236251,1
1,28.55975018482981,2
1,18.148053419361236,3
1,11.98257300289455,4
1,8.01917833560057,5
1,5.348720296359519,6
1,3.506078696708435,7
1,2.223241321059432,8
1,1.339190497073029,9
1,0.7472434589095207,10
1,0.3693528817152418,11
1,0.15542381858901938,12
1,0.06287747395953644,13
1,0.037374378148236,14
1,0.029489195121249666,15
1,0.02658496649741237,16
1,0.024987274459175972,17
1,0.023936587066125514,18
1,0.0231094956517156,19
1,0.022406435100985233,20
2,50.55543170758148,1
2,29.1878785782023,2
2,18.49136864554399,3
2,12.184391155934282,4
2,8.137860015511258,5
2,5.418183998766739,6
2,3.546044847858486,7
2,2.2476178679639087,8
2,1.3514638946000448,9
2,0.7525975977434024,10
2,0.37361391057083604,11
2,0.1584887910626336,12
2,0.06347528424884465,13
2,0.0374569864288322,14
2,0.02988413606148793,15
2,0.026764232188717388,16
2,0.025057518191492635,17
2,0.02389440581853837,18
2,0.023038815921430648,19
2,0.022412672626978554,20
3,50.06200513046688,1
3,29.388718208524462,2
3,18.85941398474199,3
3,12.572706011058425,4
3,8.507493271248173,5
3,5.747856904702909,6
3,3.83056022566773,7
3,2.485439605550217,8
3,1.5419426182948195,9
3,0.8951217555033881,10
3,0.4713526468541322,11
3,0.21518858110726768,12
3,0.08663842421986147,13
3,0.04351751090907085,14
3,0.032087483516793004,15
3,0.02749330226752931,16
3,0.02578352375039414,17
3,0.02457320767202611,18
3,0.023533791609442058,19
3,0.022799473712598082,20
4,51.010154732254776,1
4,30.025409230799564,2
4,19.308706539780346,3
4,12.921472600273994,4
4,8.770227605091737,5
4,5.959246739141468,6
4,3.9991681946874427,7
4,2.612222326335622,8
4,1.6407743926241454,9
4,0.9689311119539143,10
4,0.5226746432816805,11
4,0.24569591651084835,12
4,0.10009589336955471,13
4,0.04779225293952011,14
4,0.03369323918814344,15
4,0.0284117416842088,16
4,0.026205249789998983,17
4,0.024829288710282046,18
4,0.023711394931652398,19
4,0.022924936193821906,20
5,49.88292422426789,1
5,29.327279650072043,2
5,18.81664423342707,3
5,12.560938524030673,4
5,8.49952949491391,5
5,5.746207482270849,6
5,3.828637148017314,7
5,2.48526049219469,8
5,1.5421553641748327,9
5,0.8971932245724237,10
5,0.4721339531798861,11
5,0.21558773263431052,12
5,0.08662340336485204,13
5,0.044195201847630775,14
5,0.032769151405294315,15
5,0.028109862586296698,16
5,0.025967907680790308,17
5,0.024627761724692925,18
5,0.023598001296840497,19
5,0.023054484039672148,20
6,50.31771809917523,1
6,29.411145928063625,2
6,18.824925534506598,3
6,12.531513122607397,4
6,8.462644961342884,5
6,5.708128457384577,6
6,3.793132385465382,7
6,2.4516368812081146,8
6,1.5154773332416884,9
6,0.8750929287247566,10
6,0.4576657785535621,11
6,0.20574646740198643,12
6,0.0833463156973121,13
6,0.04315969104896476,14
6,0.03191440863840615,15
6,0.027808606791407314,16
6,0.025799481472226857,17
6,0.024467570171046105,18
6,0.023638883125044897,19
6,0.02284059726369025,20
7,49.79138343013934,1
7,29.056300799729726,2
7,18.53401676169845,3
7,12.28325435296813,4
7,8.254335401408962,5
7,5.535452068995819,6
7,3.6513662770358737,7
7,2.3352937550941255,8
7,1.4243949145904735,9
7,0.8080830594369852,10
7,0.4112185081566321,11
7,0.178432370839851,12
7,0.0707155955689294,13
7,0.03946790964936397,14
7,0.030521892912701756,15
7,0.027292863483717445,16
7,0.02541155979704501,17
7,0.024159343778165674,18
7,0.023318673287436906,19
7,0.022877226383097644,20
8,50.51434607597302,1
8,29.441200602029177,2
8,18.759025427324175,3
8,12.42926189691019,4
8,8.350507286820076,5
8,5.603063976840932,6
8,3.6965479428834245,7
8,2.37008847051592,8
8,1.4466263970840714,9
8,0.8203751094051516,10
8,0.42025270054081104,11
8,0.18365009596098714,12
8,0.07279154617013707,13
8,0.039919164901507945,14
8,0.030842561493200787,15
8,0.027272683222776154,16
8,0.025437722788817847,17
8,0.024142478149868786,18
8,0.023675018170876288,19
8,0.02262792635018002,20
9,48.61546373672323,1
9,28.099281965796628,2
9,17.7343560078505,3
9,11.61851672272184,4
9,7.707917113802326,5
9,5.085606730568892,6
9,3.2915188386750374,7
9,2.054438559485397,8
9,1.2076844559041167,9
9,0.6492646893204402,10
9,0.30690094765061254,11
9,0.12140167210656189,12
9,0.05099516598654708,13
9,0.03435595463047912,14
9,0.02888686638047446,15
9,0.02611354079200769,16
9,0.024901527152863392,17
9,0.023626845266455525,18
9,0.02283958189173548,19
9,0.02225862196418268,20
10,49.716035521615034,1
10,28.797036099789747,2
10,18.292064943293266,3
10,12.075214894341508,4
10,8.08771276473999,5
10,5.39765566803499,6
10,3.5473458131493283,7
10,2.256733652879434,8
10,1.3681230829722846,9
10,0.7673457910511285,10
10,0.3842367767525126,11
10,0.16432975841038772,12
10,0.06600593886713484,13
10,0.03830401300748528,14
10,0.03005162490281596,15
10,0.02673570197353612,16
10,0.02527024514718986,17
10,0.024013928892309352,18
10,0.023321033767196162,19
10,0.022650210846112226,20
11,47.31343965998082,1
11,27.206265244148433,2
11,17.090754982759194,3
11,11.129317216527488,4
11,7.323503572549393,5
11,4.789735062035924,6
11,3.0593273065237603,7
11,1.8737967731093548,8
11,1.0778667324387443,9
11,0.5610052408821293,10
11,0.24994348412129416,11
11,0.09624489091797424,12
11,0.04442949923498036,13
11,0.032153081573815995,14
11,0.027632154329721607,15
11,0.025525965153980357,16
11,0.024521852356951628,17
11,0.02343036158324114,18
11,0.022602429919278445,19
11,0.021983657492948238,20
12,49.78898832894592,1
12,29.020816091281265,2
12,18.450482964261507,3
12,12.205491915948864,4
12,8.174261133808063,5
12,5.4678582453778555,6
12,3.5949128700980246,7
12,2.292857809615796,8
12,1.3918380963522743,9
12,0.7827931434106725,10
12,0.3926755013877649,11
12,0.1692927174889711,12
12,0.06691047666804877,13
12,0.03901621876463199,14
12,0.03044256459532389,15
12,0.027303156659388338,16
12,0.02536133241488227,17
12,0.02409230174619887,18
12,0.023227431745862146,19
12,0.022491331678876746,20
13,52.985839087317494,1
13,31.418780906368166,2
13,20.372079060275926,3
13,13.76927043939196,4
13,9.471474566185144,5
13,6.527040681859323,6
13,4.456971980869643,7
13,2.982542079648992,8
13,1.9286950364041684,9
13,1.1886150984367583,10
13,0.6774021257469649,11
13,0.3474480563770733,12
13,0.15545559253519786,13
13,0.06622864877872629,14
13,0.0392701519387109,15
13,0.03108477170692324,16
13,0.02742204881473772,17
13,0.02572503536621899,18
13,0.02451449922963119,19
13,0.02362125635997001,20
14,49.6749652626672,1
14,28.853644035518297,2
14,18.32452730125964,3
14,12.10074446501254,4
14,8.096306383991038,5
14,5.400508475964512,6
14,3.542686207208044,7
14,2.2495136545665226,8
14,1.3582269878529791,9
14,0.7605489718634436,10
14,0.37971723854923045,11
14,0.15993489340932637,12
14,0.0633140979235424,13
14,0.038332669799134675,14
14,0.03005360177299107,15
14,0.02677662405314476,16
14,0.02541265178368544,17
14,0.024034882357506865,18
14,0.023163701508885255,19
14,0.02256910161359478,20
15,49.08411769419591,1
15,28.391685526508258,2
15,17.95314586289656,3
15,11.783720882716718,4
15,7.832424978203357,5
15,5.184304278034137,6
15,3.3681279484397058,7
15,2.1088921843307107,8
15,1.2484175655633403,9
15,0.6795496725832729,10
15,0.3250634538085222,11
15,0.1300703699210051,12
15,0.05320099575210736,13
15,0.03524009610957174,14
15,0.02870313037655501,15
15,0.026195953510749315,16
15,0.024648408860222362,17
15,0.023627412753668166,18
15,0.022899096049288952,19
15,0.022099667935689755,20
16,49.62082402894238,1
16,28.875388444359622,2
16,18.345521739805175,3
16,12.116206693750962,4
16,8.108927874168607,5
16,5.410877564314331,6
16,3.549728976638078,7
16,2.255423280475999,8
16,1.3638466700816205,9
16,0.7606500157161054,10
16,0.3797829615027666,11
16,0.16058915389626266,12
16,0.06356903198939651,13
16,0.03864343609136622,14
16,0.030123638439931467,15
16,0.02687466364187091,16
16,0.02515911899094007,17
16,0.02396133347456135,18
16,0.023034004923472528,19
16,0.022458590265276083,20
17,51.918378663215556,1
17,30.482328199374397,2
17,19.606863550539973,3
17,13.13138768413682,4
17,8.934416638762713,5
17,6.083748335523138,6
17,4.095373656958151,7
17,2.6852250287273547,8
17,1.6991586685180664,9
17,1.0099589265485815,10
17,0.5504730554786064,11
17,0.2631271580960959,12
17,0.1098757571439499,13
17,0.05006960411665282,14
17,0.034248523346619056,15
17,0.028830186974233403,16
17,0.026260214119053472,17
17,0.02496684267163785,18
17,0.023871790284096306,19
17,0.023052874738092363,20
18,52.07217735827351,1
18,30.406017035055264,2
18,19.45926599156882,3
18,12.97310452979765,4
18,8.789064110469209,5
18,5.945988517834434,6
18,3.9735358305323096,7
18,2.5844789964557964,8
18,1.6120742302713618,9
18,0.9445403565221758,10
18,0.5028977273369649,11
18,0.23135297963105794,12
18,0.0928997461761493,13
18,0.04529764055252584,14
18,0.032848819407191615,15
18,0.02802772483210574,16
18,0.025958676951558096,17
18,0.02460455464354075,18
18,0.023628583416215647,19
18,0.022847062993500786,20
19,50.535962428111254,1
19,29.773461417094477,2
19,19.162826672291704,3
19,12.828896083303098,4
19,8.7154874923641,5
19,5.915222260489393,6
19,3.967104291102525,7
19,2.592009097020001,8
19,1.625144879701041,9
19,0.958744947590045,10
19,0.5172297818574316,11
19,0.24281447277521528,12
19,0.09832843960221134,13
19,0.047206313839789904,14
19,0.03325653542826044,15
19,0.028496610266821727,16
19,0.026157095015589108,17
19,0.024711000103590838,18
19,0.023969511463761584,19
19,0.023075900973875258,20
20,50.756935119628906,1
20,29.548295864926725,2
20,18.789441236809118,3
20,12.421269028425725,4
20,8.33178660101982,5
20,5.574006345988845,6
20,3.674639232123076,7
20,2.347666906649624,8
20,1.4300179982236199,9
20,0.8075298436923322,10
20,0.40795580651968527,11
20,0.17731585450518106,12
20,0.07002972818609239,13
20,0.039342463469263844,14
20,0.030587669064813076,15
20,0.02713166655444387,16
20,0.025454984243109283,17
20,0.024214046997333896,18
20,0.023253261784850154,19
20,0.02270240065401424,20
21,50.062543482668616,1
21,29.376042372128094,2
21,18.829131762864492,3
21,12.53690718994466,4
21,8.463673239831985,5
21,5.710950149910282,6
21,3.796954869715644,7
21,2.4560927251762927,8
21,1.5180840746426125,9
21,0.8773401980715265,10
21,0.4586198035079533,11
21,0.20649942606369823,12
21,0.08328133641180199,13
21,0.043019655535915004,14
21,0.031992426328758185,15
21,0.02774344177356661,16
21,0.025715887741144024,17
21,0.024632022626745676,18
21,0.023553168683100357,19
21,0.02296330002166315,20
22,48.35920063010665,1
22,27.75608309601416,2
22,17.432627854825082,3
22,11.360005155046865,4
22,7.487548691885812,5
22,4.903944882756866,6
22,3.136546751075208,7
22,1.9301572928804833,8
22,1.1162156181803136,9
22,0.5842621803029514,10
22,0.2648558976299473,11
22,0.10169724708617624,12
22,0.0454877832654252,13
22,0.032577525931539564,14
22,0.02780942257438133,15
22,0.025681531017046493,16
22,0.024353239431119424,17
22,0.023478912769445477,18
22,0.022710138451315955,19
22,0.021961995469990062,20
23,50.92030575229669,1
23,29.68213475030114,2
23,18.924564865860603,3
23,12.54815648003682,4
23,8.440528804559444,5
23,5.67205189641859,6
23,3.753889294321349,7
23,2.414622889398766,8
23,1.482650741585282,9
23,0.8485925863546603,10
23,0.43656744707876177,11
23,0.19492962292389576,12
23,0.07721106885974087,13
23,0.04133491818981765,14
23,0.031306677821602645,15
23,0.027702640900924516,16
23,0.02554404778457654,17
23,0.02429564055730539,18
23,0.0233801461374963,19
23,0.022714086059631825,20
24,50.08438111978299,1
24,29.270488523471077,2
24,18.669963922073592,3
24,12.370550820568223,4
24,8.316572614315984,5
24,5.574262470578843,6
24,3.6775303974842974,7
24,2.355870207235503,8
24,1.4410175766263689,9
24,0.8166739533959168,10
24,0.41738401953853776,11
24,0.18129488110923564,12
24,0.0718327527885625,13
24,0.040461193508049574,14
24,0.03075682474320123,15
24,0.02715277688494369,16
24,0.025568391468479182,17
24,0.024407680120581247,18
24,0.02339341937065887,19
24,0.022646549429847743,20
25,52.019206634716696,1
25,30.331241689002844,2
25,19.39854638561257,3
25,12.92703619999672,4
25,8.748319666522907,5
25,5.919370242527553,6
25,3.951800897431526,7
25,2.5706270981444987,8
25,1.6038081851849424,9
25,0.9371175065731951,10
25,0.497895620143744,11
25,0.23194037902075598,12
25,0.09252427065613936,13
25,0.04629619012096289,14
25,0.03339269620253206,15
25,0.02838570521330274,16
25,0.026273803578924015,17
25,0.024699121221169226,18
25,0.02367925998180914,19
25,0.022884471139419816,20
26,49.13473081283732,1
26,28.54137662224678,2
26,18.0839928258965,3
26,11.893235800362854,4
26,7.92238230186739,5
26,5.252457689883104,6
26,3.418962007392444,7
26,2.150590920499139,8
26,1.2842139165792892,9
26,0.7014782583789785,10
26,0.3411337578220408,11
26,0.14026155643689353,12
26,0.056254837975732046,13
26,0.0357529056756926,14
26,0.029190316843961093,15
26,0.026463392931324586,16
26,0.02502664370037345,17
26,0.02394756881285832,18
26,0.022989165899691296,19
26,0.022305572917784202,20
27,50.50189841784902,1
27,29.557020760802573,2
27,18.881116598653897,3
27,12.549371786463235,4
27,8.460488364132228,5
27,5.691828606733635,6
27,3.7822751236368597,7
27,2.4352906177293008,8
27,1.5027587911975917,9
27,0.8643270381478104,10
27,0.44908790897204676,11
27,0.2017970035897135,12
27,0.07963009055521188,13
27,0.04230013452390872,14
27,0.03161483200818999,15
27,0.027577531470386968,16
27,0.025585856147682363,17
27,0.024629092366218186,18
27,0.023489515450018556,19
27,0.022852526949857597,20
28,48.94003411396734,1
28,28.302563901140747,2
28,17.8853184307562,3
28,11.734993277836455,4
28,7.802651380933424,5
28,5.160497470196884,6
28,3.348313257384148,7
28,2.095519673341373,8
28,1.241388693038843,9
28,0.6739551151739255,10
28,0.32198945628300407,11
28,0.1301142660253592,12
28,0.0534202091411741,13
28,0.03535958969675656,14
28,0.028608215996610332,15
28,0.026298563287996533,16
28,0.024719561781805715,17
28,0.023946537850682795,18
28,0.02286972142239687,19
28,0.022314157420352324,20
29,47.491721635179985,1
29,27.276633801490767,2
29,17.09516225542341,3
29,11.127148184949148,4
29,7.320995589054978,5
29,4.7798486904803115,6
29,3.052725524536328,7
29,1.8724315967132796,8
29,1.0754654837061348,9
29,0.5581086948990568,10
29,0.25082338116824754,11
29,0.09563969992307712,12
29,0.04505070159112467,13
29,0.03199546687257315,14
29,0.027693006760085317,15
29,0.025696152253255153,16
29,0.024251581278881794,17
29,0.023274543951315157,18
29,0.022414275967299557,19
29,0.02199788314939689,20
30,48.556983085583525,1
30,28.263986514321267,2
30,17.965940361592306,3
30,11.862362076732904,4
30,7.938005663947002,5
30,5.290752525776942,6
30,3.4640602145367847,7
30,2.196029321471257,8
30,1.3230933065353425,9
30,0.7334868338570666,10
30,0.3634752282328697,11
30,0.15223493218930292,12
30,0.06129732496067405,13
30,0.037445362935315314,14
30,0.02984160029970761,15
30,0.027012558189282287,16
30,0.025098871954007826,17
30,0.02403692534959901,18
30,0.02312985402164556,19
30,0.022440665000394336,20
31,50.41118639720274,1
31,29.523232832137964,2
31,18.866062302579248,3
31,12.540664075025871,4
31,8.451746216715017,5
31,5.690145748764722,6
31,3.7734360649133287,7
31,2.432344426478404,8
31,1.497336169804083,9
31,0.8617138965551787,10
31,0.4472164542181914,11
31,0.20048267640538817,12
31,0.08002018189029907,13
31,0.042163989933600814,14
31,0.03142778963041204,15
31,0.02805620431502872,16
31,0.02574143377639083,17
31,0.02441221834825618,18
31,0.02350712654941372,19
31,0.02279513056026593,20
32,49.5172017062905,1
32,28.72990497597245,2
32,18.229171683793382,3
32,12.021501736346083,4
32,8.041776744541583,5
32,5.35171436602627,6
32,3.5015378145775053,7
32,2.2173058549478366,8
32,1.3350636392259903,9
32,0.7401385711454379,10
32,0.36310686974891465,11
32,0.15165910790406312,12
32,0.06159036329337783,13
32,0.03774857650925991,14
32,0.02983349320222574,15
32,0.026660312705838095,16
32,0.025070168721332733,17
32,0.023888483099432898,18
32,0.023159391071988958,19
32,0.022495588434657564,20
33,50.29947281697157,1
33,29.35880549985971,2
33,18.685749114957698,3
33,12.380182927097085,4
33,8.314587121325006,5
33,5.574372239712713,6
33,3.6754640328096175,7
33,2.3565537832947427,8
33,1.4385192831442046,9
33,0.8148522069459276,10
33,0.41482775920489706,11
33,0.1821202797803289,12
33,0.07249910605233362,13
33,0.040082973751749816,14
33,0.030429936508570652,15
33,0.02712888903280438,16
33,0.02527800435498198,17
33,0.024131163132629162,18
33,0.023252063945158205,19
33,0.022498674376972956,20
34,50.99179155231793,1
34,29.559139426583165,2
34,18.767188391451644,3
34,12.4086251838375,4
34,8.315781456066855,5
34,5.564626150802255,6
34,3.6613611839473377,7
34,2.3394704144646616,8
34,1.4218189403700676,9
34,0.8040779893840554,10
34,0.40613471870737544,11
34,0.17515331112753862,12
34,0.06876231756990653,13
34,0.03966381882966709,14
34,0.030459100289194824,15
34,0.026953576505978478,16
34,0.02535071682089618,17
34,0.024095205292264537,18
34,0.023263611237028005,19
34,0.022586654637382228,20
35,49.6275079723106,1
35,29.04038744033781,2
35,18.58778431369806,3
35,12.36824499671139,4
35,8.34721559553004,5
35,5.627039298319867,6
35,3.7342813060736098,7
35,2.4091089747862013,8
35,1.4845516465620192,9
35,0.856084503598813,10
35,0.4449773497545897,11
35,0.20016467847676675,12
35,0.07936200676664615,13
35,0.04123361795139847,14
35,0.03136121776344171,15
35,0.02732464827215875,16
35,0.025598864930906275,17
35,0.024394509444104585,18
35,0.02348970110689018,19
35,0.0227742760595101,20
36,48.654075459884936,1
36,28.204430813982544,2
36,17.86013174158678,3
36,11.749986967806622,4
36,7.825266197546204,5
36,5.198965001462111,6
36,3.3837728002178133,7
36,2.1288117737149888,8
36,1.2684460319181494,9
36,0.696980812402168,10
36,0.335645672037149,11
36,0.13722927318707204,12
36,0.055621377933127034,13
36,0.0352381489742031,14
36,0.029118922922307493,15
36,0.02659419081660349,16
36,0.024776838846933612,17
36,0.023803810733976142,18
36,0.022918923366775135,19
36,0.022337543879395357,20
37,48.31559323959513,1
37,28.23975791199121,2
37,17.988347206034387,3
37,11.891808416289306,4
37,7.963061358120395,5
37,5.315049818075542,6
37,3.4844366258649684,7
37,2.211002752979173,8
37,1.332854924171464,9
37,0.7422735361910578,10
37,0.36871849626366265,11
37,0.1554443938200916,12
37,0.062351985590290156,13
37,0.037753943814588256,14
37,0.03002622844313762,15
37,0.027006761923527668,16
37,0.025246477767285,17
37,0.02398958469409424,18
37,0.02324060504751673,19
37,0.022510345369926903,20
38,50.32943179815817,1
38,29.114310498430786,2
38,18.40665448398224,3
38,12.096341714676,4
38,8.056368486205145,5
38,5.346720733113889,6
38,3.485122665413407,7
38,2.1958265579077225,8
38,1.3087576599771789,9
38,0.721098473458402,10
38,0.3503421069716594,11
38,0.14449003529446974,12
38,0.056666645493461634,13
38,0.0366864765424337,14
38,0.029201576998556602,15
38,0.026569260955492318,16
38,0.024884583364957684,17
38,0.02386523218456108,18
38,0.023130697259770783,19
38,0.022426418773432783,20
39,48.53092824777306,1
39,28.141396557090125,2
39,17.79778310129129,3
39,11.686669339503307,4
39,7.770955490405117,5
39,5.1431233186457455,6
39,3.333641974910744,7
39,2.0879821085980708,8
39,1.234626812213011,9
39,0.6703995547569128,10
39,0.3201787501637107,11
39,0.12931262538122978,12
39,0.0534733925769324,13
39,0.03522466822092467,14
39,0.028935364552779494,15
39,0.026542371222332342,16
39,0.024980763261363323,17
39,0.02384561251825107,18
39,0.022955066633662945,19
39,0.022426761968780174,20
40,47.90770707608286,1
40,27.704376025494735,2
40,17.505295617239817,3
40,11.488761263361363,4
40,7.629373975399969,5
40,5.041720878340796,6
40,3.2652336676746034,7
40,2.038713032757041,8
40,1.1993780392827764,9
40,0.6489985484812559,10
40,0.3068076250776807,11
40,0.12333783396144411,12
40,0.05230174293872644,13
40,0.03474182868674239,14
40,0.028897200867946723,15
40,0.026251471162573106,16
40,0.024677375716758945,17
40,0.023613029749376943,18
40,0.02280247392954984,19
40,0.022276594925091972,20
41,48.64713250751943,1
41,28.109849462122806,2
41,17.727715807428748,3
41,11.611548080118988,4
41,7.702766235449166,5
41,5.08163297506792,6
41,3.2831311876585745,7
41,2.0488288519479063,8
41,1.206630218257782,9
41,0.6480528286525181,10
41,0.30569607820083844,11
41,0.12184189348968107,12
41,0.05197932787223666,13
41,0.0342211040622517,14
41,0.028586659040341755,15
41,0.026225228593357082,16
41,0.02474418447327131,17
41,0.023736523363048205,18
41,0.02302951125233476,19
41,0.022183844458256195,20
42,49.74824860660252,1
42,28.930708326002176,2
42,18.410873030802843,3
42,12.169093984022323,4
42,8.160100666444693,5
42,5.455686815257774,6
42,3.589393872950377,7
42,2.2893672431709926,8
42,1.386982420105924,9
42,0.7802227778729599,10
42,0.3923776559611119,11
42,0.16902316906558934,12
42,0.06697736344516658,13
42,0.03883094176141692,14
42,0.030448349589891018,15
42,0.02716099840602768,16
42,0.025465844719331148,17
42,0.024271342712742432,18
42,0.023429024420472098,19
42,0.02273973107719218,20
43,88.07563142430807,1
43,43.67745089988465,2
43,26.27548488625077,3
43,16.986789479692863,4
43,11.343232693702682,5
43,7.6384049641298075,6
43,5.125118468107699,7
43,3.370127529986123,8
43,2.1476412373565155,9
43,1.3008412506534601,10
43,0.727409814847812,11
43,0.36272672180936283,12
43,0.1541507404559711,13
43,0.0629852255746754,14
43,0.038021123954164446,15
43,0.030251865845117996,16
43,0.02678922169816011,17
43,0.025266668900275534,18
43,0.024114728486264694,19
43,0.02325145273145709,20
44,50.190482206690284,1
44,29.49022708722015,2
44,18.93128121382138,3
44,12.649994679351352,4
44,8.573130961420185,5
44,5.807814639768621,6
44,3.8793839396698386,7
44,2.525500932990361,8
44,1.5734971807455458,9
44,0.9216232537460733,10
44,0.48907835092117535,11
44,0.22677078754154603,12
44,0.09178762407953552,13
44,0.04505773741743966,14
44,0.03291713862594511,15
44,0.028388089236261238,16
44,0.02594045837963822,17
44,0.024673527952577514,18
44,0.023573987461976025,19
44,0.022816042985711524,20
45,47.117293441219374,1
45,26.82439199744511,2
45,16.701706213229247,3
45,10.783574996980777,4
45,7.0273089073360095,5
45,4.538122406900564,6
45,2.854369959089039,7
45,1.7115943345433868,8
45,0.9555699615590354,9
45,0.47680873492125003,10
45,0.20098643748363706,11
45,0.07359846455773819,12
45,0.038941188677668825,13
45,0.02969312090386968,14
45,0.02662071046719292,15
45,0.024820597337952048,16
45,0.023705063081944165,17
45,0.02273657388174966,18
45,0.02218897013998489,19
45,0.021661896349937676,20
46,51.80038909261415,1
46,30.79116844876743,2
46,19.96876215985589,3
46,13.493918919105774,4
46,9.272170876134942,5
46,6.382320506740481,6
46,4.351318196701342,7
46,2.9059381007131484,8
46,1.8737179376423232,9
46,1.1464973863508148,10
46,0.6540224751683948,11
46,0.33165909816969685,12
46,0.1461103320884298,13
46,0.06262722883079606,14
46,0.03862886056145117,15
46,0.030934595778933975,16
46,0.027310387320768858,17
46,0.025680111407407565,18
46,0.024394097982216745,19
46,0.023499760981291723,20
47,49.56644588543662,1
47,28.903890963556417,2
47,18.402915897654065,3
47,12.178630442507485,4
47,8.162528873760817,5
47,5.460812574764813,6
47,3.587138617725006,7
47,2.287939560692956,8
47,1.3917147737067899,9
47,0.7837523636279076,10
47,0.39611102637451595,11
47,0.1698115606234272,12
47,0.06694770988815629,13
47,0.03873478154987414,14
47,0.0305431655713363,15
47,0.02698651502238535,16
47,0.02522425706595627,17
47,0.024125172285986606,18
47,0.02328521569273365,19
47,0.022481700770858763,20
48,49.92896778293764,1
48,29.25960905973845,2
48,18.714210729863343,3
48,12.439613254848066,4
48,8.387435736178334,5
48,5.652230909384135,6
48,3.742298786574081,7
48,2.413736337283527,8
48,1.4825330797288971,9
48,0.8522417049672304,10
48,0.4415278292413968,11
48,0.19750871946181314,12
48,0.07871715463936202,13
48,0.04157435957556849,14
48,0.031328817424394174,15
48,0.027503304104052627,16
48,0.025717009095224872,17
48,0.024430574511668322,18
48,0.02349984024498445,19
48,0.022793363390573813,20
49,49.60254561011471,1
49,29.1626041835305,2
49,18.711539274593914,3
49,12.477627355660966,4
49,8.449653560418819,5
49,5.708506079879142,6
49,3.805465376961714,7
49,2.4654288586777158,8
49,1.5283790046472285,9
49,0.8870395185596653,10
49,0.4663004838327355,11
49,0.2137853397743534,12
49,0.08688927835016362,13
49,0.043807115969754486,14
49,0.03250441926994176,15
49,0.02808723134050237,16
49,0.025993556975682914,17
49,0.024997526904873883,18
49,0.023655256292204867,19
49,0.02310605012555557,20
50,50.46946576409248,1
50,29.44564931580761,2
50,18.751814803589127,3
50,12.41754088167951,4
50,8.340029925934033,5
50,5.588580700888563,6
50,3.687902293479773,7
50,2.3618063418341597,8
50,1.4431522644913273,9
50,0.8186863278275105,10
50,0.41849056045129607,11
50,0.1829906432613381,12
50,0.0733994021535174,13
50,0.04013567277268052,14
50,0.030663417239210754,15
50,0.0272266706908499,16
50,0.025299098048764252,17
50,0.02411135186804637,18
50,0.023230129157874122,19
50,0.0225533838195206,20
51,49.95384675048307,1
51,29.196139524740452,2
51,18.653504625820656,3
51,12.386512660776882,4
51,8.34006194824349,5
51,5.599556170546932,6
51,3.70635263548731,7
51,2.3809640570235913,8
51,1.4583663020306812,9
51,0.8321837087684094,10
51,0.4291631890766656,11
51,0.18820888931944427,12
51,0.07485881870759449,13
51,0.04071289640881105,14
51,0.031315254325519744,15
51,0.02725760582318184,16
51,0.02565953062811513,17
51,0.02430700216847442,18
51,0.02345552881444886,19
51,0.022723285104038874,20
52,49.267924367746055,1
52,28.507266965756283,2
52,18.046209502067647,3
52,11.88147006817718,4
52,7.920424335292662,5
52,5.2566733665303635,6
52,3.4300917104871544,7
52,2.1598561979306026,8
52,1.2917164107883916,9
52,0.7120265205785918,10
52,0.3458267520866923,11
52,0.14308771691215572,12
52,0.059120938968239056,13
52,0.03639059656385039,14
52,0.029150717008088443,15
52,0.02648643368501653,16
52,0.02496372253052207,17
52,0.02387086688868527,18
52,0.02301131153522905,19
52,0.022484166043272406,20
53,49.14388782688295,1
53,28.511380368458436,2
53,18.070968164309765,3
53,11.896947750913055,4
53,7.928265088656818,5
53,5.268602517622112,6
53,3.4353775973004828,7
53,2.166816466398585,8
53,1.29270008733786,9
53,0.7127893976311186,10
53,0.34690467368310957,11
53,0.14269734976261156,12
53,0.05815198039735304,13
53,0.03676353143984829,14
53,0.029431139788171377,15
53,0.026635257447801673,16
53,0.025104560045354656,17
53,0.023859363081040922,18
53,0.02306263957784247,19
53,0.02238024323622682,20
54,47.73032242504519,1
54,27.40375626163442,2
54,17.171585469357748,3
54,11.16245225243477,4
54,7.329929417892814,5
54,4.781806203602219,6
54,3.0423037324632918,7
54,1.8576038524286071,8
54,1.0623463345234836,9
54,0.5487715073231695,10
54,0.24306364227205451,11
54,0.0931858550161441,12
54,0.04458242745351181,13
54,0.031717878696856217,14
54,0.027670518004659143,15
54,0.025649224628390532,16
54,0.024235613838727795,17
54,0.02328778393487178,18
54,0.02254447999046937,19
54,0.021909926229639096,20
55,48.28300032788503,1
55,28.014623589098836,2
55,17.738475319673256,3
55,11.679008766532199,4
55,7.782629289606741,5
55,5.16054556466369,6
55,3.360511506798425,7
55,2.1139543244579455,8
55,1.2574125131818532,9
55,0.6894761023999277,10
55,0.3322783615162124,11
55,0.1365142941220737,12
55,0.05670487464490984,13
55,0.03592643563522459,14
55,0.029154721544241344,15
55,0.026493997549387947,16
55,0.024946827771090495,17
55,0.02377210526482891,18
55,0.023162628657051494,19
55,0.02227932624796878,20
56,51.60068615260663,1
56,30.033090933045344,2
56,19.162713467693532,3
56,12.7080024829043,4
56,8.56176389560008,5
56,5.757240289309894,6
56,3.817543340898526,7
56,2.458124153141274,8
56,1.5136136678236125,9
56,0.8677884879142745,10
56,0.4507357126105823,11
56,0.20225292622153437,12
56,0.08012187239457803,13
56,0.042743133273777933,14
56,0.03176799224320251,15
56,0.02757861451911075,16
56,0.025566853638460386,17
56,0.024498483559279555,18
56,0.023503216444206897,19
56,0.022891624634072724,20
57,50.57064071850482,1
57,29.536566305262195,2
57,18.8471693921445,3
57,12.506694014901036,4
57,8.418555450846137,5
57,5.661132327529159,6
57,3.7430955280881446,7
57,2.408933533280135,8
57,1.4778414008968166,9
57,0.8466418226644683,10
57,0.43671642170786096,11
57,0.1931586654773399,12
57,0.07654948982157941,13
57,0.04116348503653937,14
57,0.031465873181788145,15
57,0.027314934053464232,16
57,0.02551307674966006,17
57,0.02421901969195429,18
57,0.023602005968025246,19
57,0.02268148219979394,20
58,50.32064480161362,1
58,29.229285762762466,2
58,18.54110835711839,3
58,12.226501936597357,4
58,8.16907965552324,5
58,5.443781947276231,6
58,3.568722214525951,7
58,2.261896054627799,8
58,1.3641782058581615,9
58,0.759843078249299,10
58,0.37715256722497026,11
58,0.16009496285844205,12
58,0.063826027550677,13
58,0.037916857344128176,14
58,0.03003434104316715,15
58,0.027017332208372637,16
58,0.025290081023312073,17
58,0.024126295274349927,18
58,0.02319254261105935,19
58,0.022503944804895915,20
59,48.87210788198117,1
59,28.36113745113934,2
59,17.992620451872284,3
59,11.863630241930865,4
59,7.920760337731986,5
59,5.2705124059974,6
59,3.4436439374870838,7
59,2.174983137960373,8
59,1.3026474485519344,9
59,0.7200081591158788,10
59,0.35401491061456675,11
59,0.14605294368160304,12
59,0.05992603832597672,13
59,0.03727644542927173,14
59,0.02974808536597025,15
59,0.026866524895307605,16
59,0.025081067471139466,17
59,0.023984171444180805,18
59,0.02317903058400858,19
59,0.02245473066992216,20
60,49.836855028229735,1
60,28.93830019578751,2
60,18.391752523654052,3
60,12.160072426297772,4
60,8.145067273935021,5
60,5.446990649583243,6
60,3.580755543861308,7
60,2.2818118468530653,8
60,1.3823105071399258,9
60,0.7780470076654511,10
60,0.38906161032760067,11
60,0.16645786080406164,12
60,0.06676346716532575,13
60,0.038421183379728406,14
60,0.03014679970755887,15
60,0.027030597899609536,16
60,0.025307841972310913,17
60,0.024071284057473195,18
60,0.023402140195817073,19
60,0.0224757267118517,20
61,48.911133341189384,1
61,28.241510525441118,2
61,17.83484057119406,3
61,11.70524657763906,4
61,7.774349025571778,5
61,5.141096027675214,6
61,3.334950807506342,7
61,2.08639400193432,8
61,1.2328541639771289,9
61,0.6707355902393235,10
61,0.3190951667614837,11
61,0.12790581299615567,12
61,0.05343274269372161,13
61,0.034845133039997075,14
61,0.028807583195504857,15
61,0.026283810780977388,16
61,0.024805744931197117,17
61,0.023666694085163347,18
61,0.022748352050272896,19
61,0.022211628693984006,20
62,50.99955147619186,1
62,29.792523544734475,2
62,19.06015296480549,3
62,12.682064420378794,4
62,8.56828388222245,5
62,5.7774920829577745,6
62,3.8470761394704076,7
62,2.4895386370514503,8
62,1.542983593462881,9
62,0.894718857462218,10
62,0.4702550467016346,11
62,0.21133970442230005,12
62,0.08485576909170477,13
62,0.04318495641257971,14
62,0.03194262048027027,15
62,0.027650141274369856,16
62,0.02595673738988732,17
62,0.024497874533888627,18
62,0.023640089721949115,19
62,0.02276854459315475,20
63,47.93691184525805,1
63,27.524048400586093,2
63,17.27008652026211,3
63,11.263348201190485,4
63,7.426085357218663,5
63,4.86173195422077,6
63,3.115520503221036,7
63,1.919611746822593,8
63,1.1093761209231705,9
63,0.583336508731598,10
63,0.26343546007106555,11
63,0.10105092961714467,12
63,0.04517177562676132,13
63,0.0323500291212027,14
63,0.027868728492972946,15
63,0.02567084073257853,16
63,0.024324315375706024,17
63,0.0233018781854781,18
63,0.022795169137672447,19
63,0.02196996576035582,20
64,49.37097636468883,1
64,28.73783124586158,2
64,18.273791587683185,3
64,12.071868302725525,4
64,8.086428514167444,5
64,5.3906735428360735,6
64,3.536032310681048,7
64,2.2463471930164265,8
64,1.3588537237029086,9
64,0.7581589247372105,10
64,0.3771715585483925,11
64,0.15999556417022942,12
64,0.06314431757592698,13
64,0.038235472884577223,14
64,0.030051461462654284,15
64,0.02707199941772515,16
64,0.025343543571878725,17
64,0.024075455628017755,18
64,0.02324793973901887,19
64,0.02252883790160166,20
65,48.331920184560424,1
65,28.040604150117332,2
65,17.76496716399691,3
65,11.676318030367527,4
65,7.7767207851287905,5
65,5.153485527933279,6
65,3.347253945844768,7
65,2.1022995799335082,8
65,1.2476619705716685,9
65,0.6796220557521909,10
65,0.3270383855935607,11
65,0.13318060808725704,12
65,0.05476188513515855,13
65,0.0354306022130223,14
65,0.028929432433074727,15
65,0.026320097010844805,16
65,0.024990052930009898,17
65,0.023805220267856555,18
65,0.02295882683763626,19
65,0.02230754769496572,20
66,49.169469414489356,1
66,28.437361755859115,2
66,17.9858161991339,3
66,11.830245318951638,4
66,7.8726528875355015,5
66,5.216191194204888,6
66,3.3918578182456334,7
66,2.129760462083796,8
66,1.2688821559267511,9
66,0.6932113874695702,10
66,0.3340712735520751,11
66,0.13660195425375185,12
66,0.05614657703239018,13
66,0.03564445188304763,14
66,0.028913350319112543,15
66,0.02635266946386427,16
66,0.024757495217485978,17
66,0.023734796188596977,18
66,0.022954327520975936,19
66,0.022334668145918134,20
67,48.29668890946964,1
67,28.060441958624672,2
67,17.800339725225975,3
67,11.721317238390826,4
67,7.815578861277241,5
67,5.186383822833552,6
67,3.37982142302019,7
67,2.12612478412799,8
67,1.2673518972864537,9
67,0.6963039500626929,10
67,0.3385855723291572,11
67,0.1386312878748247,12
67,0.055840477561836306,13
67,0.03595308811346224,14
67,0.029213374397203104,15
67,0.02667111460008283,16
67,0.024970508369206112,17
67,0.02377420507752692,18
67,0.02320177020675846,19
67,0.022266353236269087,20
68,48.53778481229282,1
68,28.093998569415323,2
68,17.77230312371813,3
68,11.678634261271593,4
68,7.766282223943454,5
68,5.145159609536372,6
68,3.3432766877766102,7
68,2.097287779423728,8
68,1.2428834252774335,9
68,0.6776917213315903,10
68,0.3249674045454973,11
68,0.1303354849470958,12
68,0.05358486309615788,13
68,0.03518819259300923,14
68,0.028706959343509378,15
68,0.026183125298859466,16
68,0.024718721264175007,17
68,0.023735669235001877,18
68,0.022984574495284543,19
68,0.022252224707431885,20
69,50.37692272129343,1
69,29.535964831614546,2
69,18.906632608442163,3
69,12.595264871999907,4
69,8.507280694396258,5
69,5.741455925044729,6
69,3.8169469081008356,7
69,2.470233897918831,8
69,1.5266261502369634,9
69,0.8862746338854467,10
69,0.46201924887547363,11
69,0.2099706750752321,12
69,0.08366140917038867,13
69,0.0433110796900065,14
69,0.03235791267346599,15
69,0.027931885674659377,16
69,0.025854332118368607,17
69,0.02452947714054254,18
69,0.023441322973923387,19
69,0.022678199452536702,20
70,49.86373495496412,1
70,28.77308300156583,2
70,18.213899970308805,3
70,11.978487852539843,4
70,7.985509559289733,5
70,5.304618871034081,6
70,3.4609446062970517,7
70,2.183786972753529,8
70,1.3050305810310185,9
70,0.7180328325930435,10
70,0.35060520263623074,11
70,0.14506076408156962,12
70,0.0592367100610789,13
70,0.03661670540568671,14
70,0.029369630757520703,15
70,0.026585465459935446,16
70,0.025006503406872372,17
70,0.023957692507678256,18
70,0.023082587240474312,19
70,0.02251060341975328,20
71,49.23823795440609,1
71,28.46389711945296,2
71,17.95920969428284,3
71,11.776625645440271,4
71,7.816576474765216,5
71,5.161576838381509,6
71,3.3408836220373224,7
71,2.0896589036689384,8
71,1.234172373692364,9
71,0.6658228944613735,10
71,0.3186206229205833,11
71,0.12694502922136391,12
71,0.05315586066703552,13
71,0.03486114255051369,14
71,0.028698799603465778,15
71,0.026178976691671525,16
71,0.024716972387326296,17
71,0.02371535935143291,18
71,0.022731089700402607,19
71,0.02221919262984287,20
72,49.50978475542211,1
72,28.82557414691331,2
72,18.372284610642552,3
72,12.18203617819845,4
72,8.194031050464492,5
72,5.499462381863137,6
72,3.631354769664024,7
72,2.327570527855521,8
72,1.4213744671360007,9
72,0.8096664411935217,10
72,0.4124377884590295,11
72,0.17989952141033816,12
72,0.07019706939392761,13
72,0.03965619075368208,14
72,0.03050252792439354,15
72,0.02731381939537426,16
72,0.025400009975313886,17
72,0.024060632298781928,18
72,0.02337279618342421,19
72,0.022480081735071596,20
73,50.01979021019519,1
73,28.93342263764664,2
73,18.28600722436966,3
73,12.021576757370028,4
73,8.000370418084964,5
73,5.310070927463361,6
73,3.4565972382071686,7
73,2.176891482969337,8
73,1.2990935237677113,9
73,0.7117953037402269,10
73,0.34593251874960307,11
73,0.14257709869443735,12
73,0.05736832640000752,13
73,0.03596822400170285,14
73,0.02897986013497879,15
73,0.026295232521032472,16
73,0.024809726988519434,17
73,0.02364185740793946,18
73,0.02283186127127869,19
73,0.02253047266065566,20
74,50.165268107009595,1
74,28.93251436554801,2
74,18.24039021636377,3
74,11.970941610681985,4
74,7.954687843444759,5
74,5.264822518647606,6
74,3.417252824250569,7
74,2.1456661986898005,8
74,1.2750831834797158,9
74,0.6967614472293651,10
74,0.33502792295362394,11
74,0.1357656397036652,12
74,0.05558419529435985,13
74,0.03591567962599208,14
74,0.02896183006354232,15
74,0.026381557255284363,16
74,0.024858720552946714,17
74,0.023735311851382,18
74,0.022788844609470255,19
74,0.0222612967424746,20
75,51.19745328533116,1
75,29.763270786830358,2
75,18.942443644314178,3
75,12.540377606715222,4
75,8.429107865290856,5
75,5.652139754183511,6
75,3.7344243673881743,7
75,2.3949263289030682,8
75,1.4634383985482808,9
75,0.8323079624664046,10
75,0.4277255668568967,11
75,0.18779436506823435,12
75,0.0744367340988696,13
75,0.040682805995983104,14
75,0.030876319871337682,15
75,0.027275610897840977,16
75,0.025621823688496404,17
75,0.02430711566273973,18
75,0.02338908992803046,19
75,0.022618697118212672,20
76,48.61016829435759,1
76,27.81293765314098,2
76,17.399546181977684,3
76,11.31284868895118,4
76,7.430626900719681,5
76,4.850235713316179,6
76,3.0967712417594404,7
76,1.899732929048762,8
76,1.0915866053180654,9
76,0.5675053290212586,10
76,0.2548920727614909,11
76,0.09682134154445327,12
76,0.04424112265520513,13
76,0.03219808041572825,14
76,0.027690347577971435,15
76,0.025374272226620077,16
76,0.024246595414685032,17
76,0.023419617756661067,18
76,0.022455111594755512,19
76,0.02191772004132713,20
77,48.85536253223541,1
77,28.36276212175772,2
77,17.970274223701786,3
77,11.835030439820116,4
77,7.892801830763502,5
77,5.240262936427395,6
77,3.4196164699505642,7
77,2.1518478434223103,8
77,1.2839713447383727,9
77,0.7063356364713803,10
77,0.34305878530051914,11
77,0.1391976480799189,12
77,0.05701064104750467,13
77,0.036107115936018765,14
77,0.028930767512778992,15
77,0.02627940186019391,16
77,0.024841204170447422,17
77,0.023831788688770998,18
77,0.022945467896981916,19
77,0.022237333147399334,20
78,52.22124137959755,1
78,30.353276535392062,2
78,19.329865177048802,3
78,12.817730592512119,4
78,8.63401304785885,5
78,5.806388160567294,6
78,3.8485178362840275,7
78,2.4828555507700583,8
78,1.526927638155565,9
78,0.8803602753163401,10
78,0.45764896775613717,11
78,0.2038207267329637,12
78,0.08147161515918114,13
78,0.04191290535556991,14
78,0.03162278386670898,15
78,0.0275893923598153,16
78,0.02567010364536919,17
78,0.02439573479454909,18
78,0.023493449070623944,19
78,0.022713356935329783,20
79,50.63293352106741,1
79,29.5731598095599,2
79,18.8876396415076,3
79,12.552489136327813,4
79,8.462875467881974,5
79,5.701386287014113,6
79,3.785108717774023,7
79,2.440664573010605,8
79,1.5028719485187327,9
79,0.8657924909073152,10
79,0.4495187368093015,11
79,0.2017601282993105,12
79,0.07966186314312888,13
79,0.04278861885385981,14
79,0.03203452570733231,15
79,0.02775247393449995,16
79,0.02575206253598176,17
79,0.024434158010587,18
79,0.023485436572877966,19
79,0.022914694788963047,20
80,47.083382742745535,1
80,27.05721934060298,2
80,16.979014813518727,3
80,11.051201208313898,4
80,7.271155096066278,5
80,4.751858966436976,6
80,3.034855754136531,7
80,1.8570453317434803,8
80,1.0655235329162338,9
80,0.5552827633266002,10
80,0.248149971622648,11
80,0.09351162073899434,12
80,0.044203469414573746,13
80,0.032312654058085574,14
80,0.027865480431027885,15
80,0.025822307844993782,16
80,0.024408064854106924,17
80,0.023414108481234326,18
80,0.02265516168145991,19
80,0.022077600934358038,20
81,50.198526711860445,1
81,29.107925089691747,2
81,18.444037785153906,3
81,12.142141199823635,4
81,8.102395265087136,5
81,5.386981915309231,6
81,3.52216676150812,7
81,2.226930786551697,8
81,1.3375177696061287,9
81,0.7398307463253485,10
81,0.3636263241010434,11
81,0.15236835389821005,12
81,0.06070580085648148,13
81,0.03719256353626119,14
81,0.02981422755565407,15
81,0.02709181498744086,16
81,0.02505823692231417,17
81,0.023807459735253982,18
81,0.023097388005491767,19
81,0.022433630947365182,20
82,51.13995188894048,1
82,29.8801628958696,2
82,19.105841634624294,3
82,12.72211110413964,4
82,8.603744388897535,5
82,5.810630092742855,6
82,3.8756683864064816,7
82,2.516371800192892,8
82,1.565524697812127,9
82,0.9125757982481771,10
82,0.4813665377814124,11
82,0.22095168429587694,12
82,0.08924883087751453,13
82,0.04449865673142456,14
82,0.03253391980807156,15
82,0.02824039912935513,16
82,0.02602277618290773,17
82,0.024678257458817476,18
82,0.02381805281268,19
82,0.022963338235675146,20
83,50.92971669178782,1
83,29.836167870299903,2
83,19.107784027229748,3
83,12.738809101617159,4
83,8.61813247839271,5
83,5.826058985582039,6
83,3.886883247127411,7
83,2.5220969556999613,8
83,1.5681800608441774,9
83,0.9149839293473819,10
83,0.48351107718847963,11
83,0.22257706684979803,12
83,0.08979303793294598,13
83,0.04356473044101109,14
83,0.03230090510807058,15
83,0.02800065132060539,16
83,0.025935091769326724,17
83,0.02459375977293769,18
83,0.023540508351536957,19
83,0.022770748511433347,20
84,47.93488500469021,1
84,27.38820125197551,2
84,17.12283408972246,3
84,11.113652808833987,4
84,7.282604127042075,5
84,4.733496426010945,6
84,3.004816764961682,7
84,1.8296447158622335,8
84,1.0410670823634052,9
84,0.5332814788004991,10
84,0.2333416600725544,11
84,0.08839188109455841,12
84,0.043227642854012406,13
84,0.031317007527359005,14
84,0.027343932614683597,15
84,0.02528179986581111,16
84,0.024411417249995255,17
84,0.023260578139822113,18
84,0.022476667595872364,19
84,0.021883678068516096,20
85,49.41641772988,1
85,28.78532687839923,2
85,18.30336363330833,3
85,12.091777228089029,4
85,8.090777582197047,5
85,5.399118900299072,6
85,3.5431347737180143,7
85,2.251404979844083,8
85,1.3589243937148723,9
85,0.758625029373779,10
85,0.37663491550030737,11
85,0.1594411199535134,12
85,0.06297230372614444,13
85,0.03744929853374007,14
85,0.029826110931856036,15
85,0.026755656097838875,16
85,0.0250049631979102,17
85,0.023855077754110415,18
85,0.023158742877434312,19
85,0.022452553785813133,20
86,50.11874812599947,1
86,29.22480237509396,2
86,18.64511803828323,3
86,12.371275360904523,4
86,8.327990492269683,5
86,5.59165413801604,6
86,3.6965796174779375,7
86,2.3761458061397205,8
86,1.4522350271627593,9
86,0.827875278906019,10
86,0.424421405614312,11
86,0.18678394697114095,12
86,0.07409571409860907,13
86,0.04068778206639961,14
86,0.031014461459508584,15
86,0.02729961868605888,16
86,0.025352583038432002,17
86,0.024167272637584315,18
86,0.023338653020131817,19
86,0.022590915964388135,20
87,48.3187533624645,1
87,27.856723793534073,2
87,17.538790261567527,3
87,11.475256938161627,4
87,7.594312778668109,5
87,5.000365209477796,6
87,3.2221688100778216,7
87,1.9997375738391998,8
87,1.1697036826025957,9
87,0.622529807184805,10
87,0.2903442905782891,11
87,0.11461319227907449,12
87,0.048657713994097865,13
87,0.03364309442164039,14
87,0.028021837531058774,15
87,0.026049899139892318,16
87,0.02467044091014974,17
87,0.02365818019233533,18
87,0.02267516371426679,19
87,0.02212607915769381,20
88,52.19637800432218,1
88,30.49885399661847,2
88,19.521854233894267,3
88,13.008937046726121,4
88,8.802630123553245,5
88,5.957222685376719,6
88,3.9810110109447163,7
88,2.5881749744862637,8
88,1.614740080924939,9
88,0.9486601886464588,10
88,0.5046380083444022,11
88,0.23383979651846612,12
88,0.09395586691304311,13
88,0.04524717546665846,14
88,0.03306484600501274,15
88,0.02828542177261574,16
88,0.025942113679418687,17
88,0.024591813678108553,18
88,0.023620268397493913,19
88,0.023104336092880033,20
89,50.35561325300986,1
89,29.473305273157703,2
89,18.861005022581708,3
89,12.554507788310428,4
89,8.477661519162437,5
89,5.7220676113039195,6
89,3.8014483034992015,7
89,2.4553679052446444,8
89,1.5205898706846908,9
89,0.878446819431492,10
89,0.459327487294862,11
89,0.20705023878164638,12
89,0.08244931287984096,13
89,0.04319916093257317,14
89,0.03196021381900636,15
89,0.027650148776580275,16
89,0.025635014877898862,17
89,0.02447536365309758,18
89,0.023592533277613775,19
89,0.022773993604663593,20
90,47.99363472619291,1
90,27.637054097677854,2
90,17.406223801407478,3
90,11.388931611961901,4
90,7.535858262068173,5
90,4.95813980387218,6
90,3.1902898547491794,7
90,1.9811515940277815,8
90,1.1564225390521703,9
90,0.6152929789476049,10
90,0.28426940240331294,11
90,0.11204492458021209,12
90,0.04927446520817814,13
90,0.033889815679936014,14
90,0.028224772934529827,15
90,0.02605306910775872,16
90,0.024571173635722476,17
90,0.02355285144563931,18
90,0.022816828533466945,19
90,0.02214823509139547,20
91,47.36023168014819,1
91,27.303368448448587,2
91,17.179803165037242,3
91,11.222301507555345,4
91,7.411855931475219,5
91,4.859430896702097,6
91,3.117522173598885,7
91,1.9255871556715163,8
91,1.1159773114393514,9
91,0.5880357189727491,10
91,0.2681398981415641,11
91,0.10478548613438474,12
91,0.04626329809522578,13
91,0.0326790764435395,14
91,0.02781065176926188,15
91,0.02574159380302691,16
91,0.024414031843799772,17
91,0.02372120736417041,18
91,0.022774277127850285,19
91,0.022029729329669144,20
92,49.428932921972866,1
92,28.852023212131915,2
92,18.358753911976113,3
92,12.142398075762587,4
92,8.142147511561543,5
92,5.442040060120605,6
92,3.5801144185096723,7
92,2.2788176043455532,8
92,1.3815222632910398,9
92,0.7769924033679434,10
92,0.39047644705152207,11
92,0.1679072400558986,12
92,0.0660379741396477,13
92,0.03838215196437673,14
92,0.030224600167416814,15
92,0.026825055773896194,16
92,0.02508362294482524,17
92,0.024076504561343172,18
92,0.02331155487723442,19
92,0.022453356085460324,20
93,47.49519148869301,1
93,27.30631036087394,2
93,17.12972128162506,3
93,11.145347794490075,4
93,7.337370976202015,5
93,4.7915479582764195,6
93,3.060788824614177,7
93,1.8772887680322123,8
93,1.0787522897028974,9
93,0.5611210043496414,10
93,0.25154400723321096,11
93,0.0962353437694151,12
93,0.04469836107703414,13
93,0.03225687619592589,14
93,0.02755247502883614,15
93,0.025564637817521847,16
93,0.02423711626657418,17
93,0.02333185079890782,18
93,0.022747098525831184,19
93,0.022092306770003046,20
94,49.755227501712625,1
94,29.043679422407006,2
94,18.519887643582276,3
94,12.272690455796623,4
94,8.245520126082496,5
94,5.524030175036205,6
94,3.6464895947909812,7
94,2.332057764789443,8
94,1.4209024720608807,9
94,0.8057055658877277,10
94,0.40793257004924927,11
94,0.17815396915684376,12
94,0.07063448201539292,13
94,0.03955433992688844,14
94,0.030460170631024883,15
94,0.02740625130024546,16
94,0.0253247476375497,17
94,0.024247871767451513,18
94,0.02333035195337684,19
94,0.0226919808502454,20
95,50.832577312933104,1
95,29.665656400896086,2
95,18.960526907621926,3
95,12.615231046290285,4
95,8.518876376690896,5
95,5.743773361767278,6
95,3.821991924029678,7
95,2.4714352871055034,8
95,1.5285577435991657,9
95,0.884093969488449,10
95,0.4622297038528711,11
95,0.21010307824687918,12
95,0.0826595104071123,13
95,0.04301479867081652,14
95,0.032012641064520835,15
95,0.027601299815372363,16
95,0.025612115895729076,17
95,0.024414624760685955,18
95,0.02350481914908393,19
95,0.02279923395561511,20
96,49.32870825826486,1
96,28.604566500893533,2
96,18.148130933358978,3
96,11.96011994693325,4
96,7.971707445726212,5
96,5.299259693129485,6
96,3.458664508262423,7
96,2.1816460801594295,8
96,1.305303654436872,9
96,0.7214118576507325,10
96,0.3541470181459049,11
96,0.14659190908678052,12
96,0.05868492089609093,13
96,0.036792924528373586,14
96,0.029309893253324892,15
96,0.0267083647527865,16
96,0.025156143087663375,17
96,0.024133243059902304,18
96,0.023081896060120576,19
96,0.022450392918863783,20
97,50.72628423044168,1
97,29.839706673042606,2
97,19.179196262156278,3
97,12.828080638893631,4
97,8.722760928465105,5
97,5.920888199226688,6
97,3.9675845616916097,7
97,2.5957794474132023,8
97,1.6277371774604326,9
97,0.959431547600069,10
97,0.5159420402827801,11
97,0.2415959549420424,12
97,0.09943173244309578,13
97,0.04721553392533554,14
97,0.03367484049565757,15
97,0.02853053840778784,16
97,0.026193707029639024,17
97,0.024841707724053214,18
97,0.023933484538722394,19
97,0.02309614871499508,20
98,49.32740269642649,1
98,28.60311598869275,2
98,18.114828378152744,3
98,11.901481349839331,4
98,7.9178436763251,5
98,5.246347101004139,6
98,3.4075803919387524,7
98,2.1387959009548747,8
98,1.2706639052454087,9
98,0.6960849854737711,10
98,0.33578198245847657,11
98,0.13654715324769903,12
98,0.05584987507128258,13
98,0.035874901037575846,14
98,0.029641395375164335,15
98,0.026359503769051672,16
98,0.02481331601580069,17
98,0.023911726738471212,18
98,0.02307070404497672,19
98,0.02257481584750386,20
99,48.36726656753117,1
99,27.88248677853582,2
99,17.57291569333595,3
99,11.505586075121915,4
99,7.62543342667602,5
99,5.027073004098335,6
99,3.242859604007908,7
99,2.0208986913725764,8
99,1.1868208113001353,9
99,0.6358502311493034,10
99,0.2985475445225803,11
99,0.11799819519651979,12
99,0.050090447926063784,13
99,0.03382855640259633,14
99,0.028329757516826395,15
99,0.02583131139307642,16
99,0.024453624435611117,17
99,0.02344432169361028,18
99,0.022587298981543543,19
99,0.0220727012721079,20
100,50.1712917092004,1
100,29.46167746179902,2
100,18.890412182187728,3
100,12.58699916319044,4
100,8.509044191730556,5
100,5.74212232581588,6
100,3.8210261595020416,7
100,2.471896165469562,8
100,1.52938097168896,9
100,0.8862910073703286,10
100,0.4635564113603726,11
100,0.20894595542187883,12
100,0.08418960449919263,13
100,0.0432568139303277,14
100,0.03208331899570504,15
100,0.027638992044463087,16
100,0.025745348595797635,17
100,0.024516550144915387,18
100,0.02365074724928021,19
100,0.022897414688362497,20
